sentence_id,text_vi
s01,Bạn có bị đau ngực không?
s02,Bạn đau ở đâu?
s03,Bạn bị đau này bao lâu rồi?
s04,Bạn có dị ứng với loại thuốc nào không?
s05,Tôi bị dị ứng với penicillin.
s06,Uống hai viên paracetamol mỗi sáu giờ.
s07,Không uống thuốc này cùng với rượu bia.
s08,Cơn đau có đang nặng hơn không?
s09,Bạn có thở bình thường được không?
s10,Tôi không thở được.
s11,Bệnh nhân chưa ăn gì từ sáng nay.
s12,Xin cho biết tên và ngày sinh của bạn.
s13,Bạn có bị sốt hoặc ho không?
s14,Tôi thấy chóng mặt và tức ngực.
s15,Trước đây bạn đã từng phẫu thuật chưa?
s16,Bạn có đang dùng thuốc chống đông máu không?
s17,Ngừng uống ibuprofen và uống nhiều nước hơn.
s18,Huyết áp rất cao.
s19,Hãy chỉ cho tôi chỗ bắt đầu đau.
s20,Tôi bị tiểu đường mười năm rồi.
s21,Bạn có thấy tê ở cánh tay không?
s22,Chúng tôi sẽ tiêm cho bạn năm miligam.
s23,Xin hãy nằm xuống và giữ bình tĩnh.
s24,Cơn đau có lan ra lưng hoặc hàm không?
s25,Tôi đau bụng và buồn nôn.
s26,Hôm nay bạn đã nôn mấy lần?
s27,Cô ấy không có dị ứng thuốc nào được biết.
s28,"Uống một viên sau bữa ăn, hai lần một ngày."
s29,Hãy gọi bác sĩ nếu máu không ngừng chảy.
s30,Tôi cần giúp đỡ ngay bây giờ.
